<?xml version="1.0" encoding="UTF-8" standalone="yes"?>
<addon id="plugin.video.Evonic"
       name="Evonic"
       version="1.3.2.1"
       provider-name="mentality">
    <requires>
        <import addon="xbmc.python" version="2.1.0"/>
        <import addon="script.module.beautifulsoup" version="3.2.0"/>
        <import addon="script.module.metahandler" version="2.5.1"/>
    </requires>
    <extension point="xbmc.python.pluginsource"
            library="default.py">
        <provides>video</provides>
    </extension>
    <extension point="xbmc.addon.metadata">
        <summary>Nur fuer Premium Member</summary>
        <description lang="de">
Man kann in den Addon Einstellungen den Metahandler für die Filminfos jetzt ausschalten. Wenn Ihr HDPlus oder HDMobile einstellt, spielen die Filme von alleine ab.
Mentality und EVONIC wünschen euch viel Spaß!!!</description>
        <description lang="en">
            German language content.
            An own Database is implemented!!!
            Thx goes Eldorado for his metahandler.
Mentality and EVONIC are presenting!!!</description>
        <platform>all</platform>
    </extension>
</addon>
