<?xml version="1.0" encoding="UTF-8" standalone="yes"?>
<addon id="repository.evonic" 
		name="Evonic Repository" 
		version="0.0.2" 
		provider-name="MENTALITY">
	<extension point="xbmc.addon.repository" name="Repository Evonic.tv">
		<info compressed="false">https://raw.githubusercontent.com/mentality1976/repository-evonic/master/addons.xml</info>
		<checksum>https://raw.githubusercontent.com/mentality1976/repository-evonic/master/addons.xml.md5</checksum>
		<datadir zip="true">https://raw.githubusercontent.com/mentality1976/repository-evonic/master/</datadir>
	</extension>
	<extension point="xbmc.addon.metadata">
		<summary lang="en">Official repository for Evonic</summary>
		<summary lang="tr">Evonic'e özel repository</summary>
		<description lang="en">Official video addon for Evonic</description>
		<description lang="de">Offizielles Repository für Evonic</description>
		<disclaimer lang="de">MENTALITY's KODI plugins</disclaimer>
		<platform>all</platform>
	</extension>
</addon>
